Higher school of morph 24/7 functionalities,1194,73,174,52321 David Mission,http://blackburn.biz/,001-285-669-7035
University of disintermediate visionary applications,1040,79,491,28543 Stevens Course,https://www.chan-flowers.com/,117-248-2227
Institute of revolutionize extensible relationships,989,68,348,279 Davis Dale,https://wolfe.com/,(259)657-9461
Institute of envisioneer extensible networks,955,93,370,921 Long Park Suite 044,http://www.rivera.org/,+1-530-707-2109x50438
Home of maximize cross-media paradigms,457,83,388,360 Ortiz Street,http://wiley-herrera.biz/,3933372336
College of streamline open-source infrastructures,1415,67,324,585 Bolton Locks Apt. 033,https://allen.info/,+1-805-569-4938x014
College of integrate best-of-breed action-items,1293,92,269,839 Fernando Bridge,http://rowe.biz/,+1-715-170-8983x1595
College of incentivize bricks-and-clicks relationships,73,73,464,7770 Schultz Freeway,https://www.brown-cohen.com/,001-321-573-6260x7490
University of morph 24/365 paradigms,787,74,285,2566 Daniel Ridges Suite 125,https://mcclure.info/,001-390-682-4872x18558
University of deliver cross-platform deliverables,1125,57,66,2788 Glover Drives,https://ortiz-roberts.net/,167.758.4805x22522
Home of unleash virtual interfaces,176,71,303,0575 Priscilla Ports Suite 137,https://www.king.net/,(552)813-1194
Institute of orchestrate plug-and-play eyeballs,322,72,372,88919 Rogers Oval,http://johnson.org/,896.384.5356x9236
Higher school of deliver sticky bandwidth,547,80,81,70644 Brett Divide Apt. 725,http://www.sandoval.com/,609.941.2909x8181
Higher school of monetize B2C deliverables,1397,68,22,9103 Michael Point Apt. 282,http://www.wade.com/,+1-513-753-9271
University of grow proactive action-items,1019,55,187,81488 Randy Curve,https://dawson-young.com/,715-791-4446x95048
Home of monetize seamless channels,1004,61,289,41832 Evans Shore,https://young-wells.com/,001-198-096-4098x841
Institute of repurpose seamless solutions,433,78,167,28566 Stewart Summit,http://www.scott.org/,(598)717-5933x342
University of cultivate granular systems,563,86,344,713 Melissa Valleys,http://www.miller.com/,(372)756-8033
Institute of innovate extensible eyeballs,1096,80,318,9840 Samuel Shores,http://floyd-allen.net/,(817)839-0937x341
Home of incubate clicks-and-mortar communities,55,61,434,818 Mcdonald Roads,https://cross-wallace.com/,+1-557-600-2424x70728
Home of engineer robust e-services,648,83,245,934 Stacy Spurs Suite 339,https://www.flores.com/,+1-637-690-9274x1768
Higher school of reinvent interactive functionalities,571,79,24,814 Watkins Drives,https://tate.com/,001-993-823-3938x1525
Home of engage mission-critical infrastructures,164,59,61,82623 Ponce Crossing Suite 860,http://johnson.biz/,(245)127-9181x77205
College of leverage magnetic web-readiness,1216,61,419,3474 Henry Mill,https://www.ross.org/,134.627.5908x57173
Home of deploy revolutionary functionalities,1474,63,494,068 Jose Shoals Apt. 858,http://www.edwards.com/,+1-845-225-3094x342
Higher school of mesh out-of-the-box supply-chains,1259,60,150,039 Jose Junction Apt. 529,http://www.thomas-cain.com/,(852)294-8666x425
Estate of morph B2B supply-chains,643,86,273,043 Flores Pass,http://russell.org/,+1-939-375-2186x48860
Institute of iterate intuitive web-readiness,73,83,10,429 Martinez Streets,http://www.mcguire.com/,+1-065-884-2317x11969
Estate of utilize web-enabled portals,1130,57,270,16704 Alan Tunnel Apt. 257,http://rollins-green.com/,785.157.1047x98440
Higher school of mesh seamless solutions,968,90,157,65329 Wallace Trail Apt. 695,http://davis.com/,(063)840-7738
College of cultivate frictionless platforms,828,96,305,98789 Trevor Prairie Suite 238,http://leonard.com/,306.907.9835x423
College of expedite synergistic niches,518,91,58,76325 Benson Parkway,http://smith-wilson.com/,351-101-7149x1761
College of re-contextualize killer initiatives,1278,61,499,4540 Donna Hills Apt. 509,http://ruiz.com/,(876)819-3094
University of engineer global web-readiness,1054,67,15,62863 Schmitt Turnpike,http://griffin.info/,001-144-607-2123x4421
Home of implement bricks-and-clicks infrastructures,1407,71,381,48475 Harris Mountain Suite 089,https://www.martinez.com/,690-090-3021x13326
Institute of implement enterprise communities,209,95,368,76266 Phillips Rapids,https://williams.net/,151-995-7413x56746
Higher school of streamline dynamic relationships,277,59,124,666 Adrian Lane,http://www.heath.com/,247-023-3439x295
Institute of repurpose strategic action-items,809,78,307,187 Catherine Mission Suite 651,https://edwards.net/,554-855-5346
Institute of scale web-enabled technologies,195,91,31,21389 Mitchell Radial,https://www.johnson-martinez.net/,001-608-242-7106x125
Estate of strategize value-added info-mediaries,194,82,498,0088 Torres Lane Apt. 347,http://spencer-dickson.com/,+1-495-459-4062x682
University of syndicate integrated ROI,1437,94,208,2478 Rogers Highway,https://www.schmitt-craig.biz/,+1-027-084-6149
Estate of architect B2C deliverables,941,67,252,15982 Perry Mill,http://mitchell.com/,+1-545-007-1583x72355
College of architect scalable applications,1479,65,201,39991 Harris Knoll Apt. 505,https://evans.biz/,6984762449
University of utilize real-time initiatives,859,72,103,13712 Kidd Freeway,http://www.ray-le.com/,466.668.4723x35275
Higher school of revolutionize out-of-the-box functionalities,623,93,352,08394 Paula Route Suite 079,https://carney-sanchez.org/,458-252-0292x03951
Home of optimize interactive paradigms,752,60,341,85445 Hunter Via,https://www.hodges.biz/,001-027-435-7601x91166
Home of envisioneer robust partnerships,696,76,274,16223 Wells Spur Suite 303,https://yang.com/,814-439-6574x76246
College of grow open-source technologies,467,61,112,916 William Islands Apt. 042,https://miller.com/,+1-406-821-7650x051
Estate of exploit one-to-one mindshare,1159,67,38,9040 Williams Islands Suite 322,https://ross.com/,196-985-4723x4536
College of exploit cutting-edge systems,1421,82,5,62059 Davis Turnpike,http://www.alexander.com/,+1-124-884-2170
University of empower value-added users,132,88,439,935 Richard Fields,https://morris-white.net/,003-828-3897x435
Higher school of syndicate B2C web services,324,89,108,138 Pierce Groves Suite 830,http://www.gonzalez-thompson.com/,054-469-9129
Institute of streamline cutting-edge vortals,683,56,334,537 Cochran Burg,https://harris.org/,(679)539-2466x07384
Home of orchestrate next-generation markets,352,95,228,44678 Casey Plains,http://carroll-stone.com/,234-832-0921
University of orchestrate granular systems,917,100,170,61294 Michael Point Apt. 291,https://morrison.com/,826-755-3206x697
Higher school of grow rich vortals,559,70,320,0431 Lee Square Apt. 570,http://phillips-burgess.com/,026-658-7531x2480
Estate of drive value-added markets,346,66,97,08702 Kevin Ports,http://berry.com/,(104)272-0710x7408
University of aggregate synergistic users,685,87,308,094 Joseph Bypass Apt. 897,http://www.harding.com/,183-809-6105x3094
Institute of iterate dot-com eyeballs,1398,100,487,26458 David Mill Suite 403,http://thompson.com/,616.200.4872x03225
University of revolutionize interactive communities,855,71,127,98584 Matthew Rapid Apt. 333,https://miller-simon.com/,526.657.4612x94958
College of morph distributed methodologies,1089,58,42,5234 John Well,http://jones.com/,1881950402
Higher school of whiteboard one-to-one synergies,1278,81,119,666 Gonzalez Keys Apt. 180,https://french.com/,(096)042-9290
Higher school of re-contextualize clicks-and-mortar synergies,1222,99,253,15968 Harris Inlet Suite 304,http://www.smith.net/,+1-220-319-4705x4911
Estate of empower customized methodologies,619,89,362,698 Coffey Cove,https://buck.com/,0059792081
Home of cultivate out-of-the-box e-markets,746,68,67,6640 Gilbert Branch,https://vasquez-bennett.com/,+1-205-104-7477x935
University of implement impactful users,986,92,277,33064 Anthony Mountain Apt. 320,https://anderson-bishop.com/,861.283.4964
College of benchmark e-business systems,1474,95,149,1247 Michael Parkway,https://collins-carroll.biz/,+1-342-670-9907
College of brand cross-media info-mediaries,308,68,375,22299 Glen Alley,http://melendez.net/,001-345-840-9469
Home of matrix collaborative deliverables,385,85,164,0548 Morse Plains Apt. 915,https://anderson.biz/,001-496-152-4853x63167
Institute of evolve end-to-end niches,636,61,373,3939 Lee Point Suite 898,http://www.elliott.com/,+1-777-378-7994x12812
College of deliver global e-business,729,70,463,88407 Smith Mall Suite 294,http://smith.info/,140-704-5360x32327
Home of enable visionary schemas,66,56,165,18307 Williams Mountains Suite 997,http://smith.net/,720-090-0955
Higher school of integrate customized bandwidth,285,61,155,00010 Joseph Park,http://www.webster.net/,(501)874-5414
University of architect ubiquitous synergies,1476,80,152,76665 Williams Causeway Apt. 783,http://hicks.info/,(376)892-2921x4946
University of innovate end-to-end partnerships,1330,81,238,7675 Nunez Islands Apt. 392,http://www.dillon-hebert.org/,001-132-006-8364
Institute of grow wireless vortals,1248,90,116,5763 Webb Way,http://www.martinez.biz/,114-637-0456x3017
Institute of cultivate integrated e-tailers,77,92,481,2344 Valentine Fort Suite 622,http://www.hernandez.com/,463.402.2165x567
University of redefine vertical action-items,1306,55,350,027 Kemp Avenue Apt. 973,http://torres.com/,001-548-685-0919x542
Institute of enable back-end infrastructures,68,99,466,1585 Lisa Knoll,http://simon-jordan.biz/,001-376-800-3271x620
Estate of synthesize next-generation web-readiness,1310,99,321,3330 Brittany Ridge,http://www.jones-gilmore.biz/,(843)349-2711x326
College of matrix extensible e-commerce,1117,61,301,12477 Savannah Trail Suite 995,http://zuniga.info/,(670)690-8777x4355
Home of visualize leading-edge content,627,82,315,73152 Melissa Shoals Suite 273,http://www.patterson.com/,415-363-0680
University of disintermediate frictionless systems,1157,70,436,24815 Turner Ports,http://www.davis-phillips.org/,+1-674-562-3659
College of whiteboard virtual schemas,420,96,455,853 Smith Branch,http://mueller.info/,8498895391
Institute of leverage revolutionary partnerships,112,63,302,782 Edward Cape,http://weaver.biz/,(755)582-3545
Institute of leverage customized info-mediaries,438,76,205,615 Michael Causeway Suite 832,http://www.owens.com/,(913)124-9081x00181
University of scale 24/365 deliverables,618,61,196,917 Carlson Tunnel Suite 597,http://taylor.org/,7879403372
Home of drive clicks-and-mortar portals,924,66,105,178 Aguilar Land,https://www.torres.org/,+1-324-648-8834x409
Estate of utilize cross-platform supply-chains,1336,76,392,86874 Sarah Loop,http://www.powell.net/,001-752-368-1260x6275
Institute of re-intermediate B2C experiences,1408,94,421,5244 Andrews Wells Suite 096,http://green.net/,001-989-681-0988x4005
Estate of deploy synergistic convergence,297,85,333,90500 Smith Trail,https://www.shepherd.com/,741.373.7763x90850
University of iterate ubiquitous systems,1124,65,326,8124 Hall Crescent Apt. 603,https://lewis.com/,735-444-2700
University of deliver real-time content,187,60,495,163 Osborne Parks Apt. 466,http://www.price.net/,910.693.9409
Institute of cultivate B2C methodologies,1016,65,178,2535 Brown Rapids Apt. 702,http://www.kelley.com/,512-433-6450x228
College of re-contextualize cross-media applications,116,82,360,007 Sullivan Ridge,https://johnson.com/,744-059-0414x606
Institute of whiteboard cross-media paradigms,1399,67,427,0287 Montgomery Mountains Suite 184,http://www.johnson.com/,(513)805-4964
College of e-enable cross-platform functionalities,1236,67,423,737 Kelley Rapid Suite 584,https://stewart.com/,895-868-0278x104
Home of whiteboard extensible web-readiness,1338,68,477,62769 Mark Prairie,http://yoder.info/,+1-029-713-6574x98625
College of re-intermediate dynamic ROI,193,85,158,303 Brady Expressway Apt. 285,https://www.sawyer-rodriguez.com/,(388)317-8810x71914
College of expedite robust e-business,989,79,416,52747 Thomas Coves Apt. 400,https://www.olson-gonzales.org/,001-541-783-1539x017
Institute of maximize 24/365 methodologies,278,60,311,267 Welch Squares,http://www.palmer.com/,(466)588-2619x364
Institute of e-enable e-business portals,291,93,418,0402 Jose Spur Apt. 414,https://www.white.com/,679-810-7287x046
University of extend mission-critical web-readiness,1293,74,456,53477 Clifford Extension Suite 112,https://daniel-james.com/,913-401-6318x65130
University of implement rich partnerships,370,99,160,11661 Reyes Trail Apt. 458,https://aguilar.org/,001-639-982-0910x954
Home of synthesize value-added networks,835,86,327,2099 Brandon Burg,https://gardner.com/,222.248.3803
University of morph revolutionary systems,1120,55,256,99315 Michael Fords,http://www.hayes.org/,001-101-251-4595x510
Home of visualize clicks-and-mortar systems,139,80,490,81679 Rivers Underpass Suite 590,https://prince-miller.com/,842-250-4292x712
Home of innovate ubiquitous e-commerce,398,75,378,20970 Brown Villages Suite 266,https://carter.net/,+1-362-347-7105x7575
Estate of e-enable e-business architectures,1135,69,295,919 Christopher Squares,http://www.watkins.com/,+1-091-938-2253x82354
Institute of implement frictionless mindshare,202,61,161,2944 Daniel Coves,http://www.todd.com/,(299)454-8028x6157
Home of transform efficient networks,1315,69,100,964 Scott Greens Suite 600,https://herrera.com/,951-499-8842
Estate of exploit dot-com vortals,825,99,251,335 Alexis Spur,http://www.carter.com/,3256151374
Estate of deliver intuitive eyeballs,130,61,180,29064 Combs Plains Apt. 616,http://www.moran.org/,761-564-3312
Estate of enhance wireless bandwidth,688,71,414,029 James Park Apt. 617,http://www.carroll.com/,(556)259-9741x3043
College of scale collaborative relationships,1486,84,139,9651 Cooper Way Suite 800,http://www.wells.com/,026-885-6330
College of embrace end-to-end users,520,83,121,790 Green Burg,https://nelson-ingram.org/,765-852-1059
Higher school of exploit user-centric metrics,784,77,64,47005 Russell Wall Suite 896,http://www.bernard.com/,088-090-2065
University of disintermediate killer solutions,768,77,497,49440 Ross Alley Apt. 207,http://www.scott.com/,505-620-1826
Estate of engage frictionless markets,1297,63,430,51741 Davis Underpass Suite 430,https://jones.com/,001-919-466-9189x373
College of generate customized e-business,807,79,195,632 Patrick Springs Suite 878,http://martinez.com/,(064)907-4518x734
University of monetize efficient communities,443,75,290,79634 Patrick Points,http://www.boyle.com/,001-696-565-3653x6000
Home of benchmark out-of-the-box info-mediaries,101,82,347,0359 Vaughan Ferry Suite 085,https://boyer-santos.com/,411.872.7840
Estate of morph visionary communities,513,85,186,655 Kenneth Drives,http://www.little-barr.com/,301.283.8675x423
Estate of utilize collaborative synergies,132,92,268,0762 Guzman Spring,https://www.waters.com/,(322)190-4001x461
Estate of benchmark rich relationships,1146,69,448,412 Rebecca Street,https://holland.net/,632.224.6447x38864
University of engineer out-of-the-box portals,100,87,91,6321 Cook Mountain,https://www.myers.com/,4053542012
Higher school of engage clicks-and-mortar eyeballs,643,93,209,80403 Johnson Locks,https://craig.org/,001-407-770-2561x76055
Institute of mesh extensible technologies,1273,63,346,6688 Armstrong Fords,https://www.reynolds.com/,001-018-616-8141x783
Estate of enhance end-to-end models,1086,90,280,6152 Anthony Trafficway,https://www.allen.net/,742-295-6196x33771
Home of engineer cross-media experiences,200,55,80,86930 Anderson Vista,https://hale.com/,001-855-529-5457x406
Home of disintermediate 24/7 vortals,358,67,337,691 Wendy Mountains,https://olson.com/,001-033-055-0878x52135
College of expedite transparent action-items,709,91,145,3611 Gray Burgs,http://hubbard.com/,001-321-162-2395
Higher school of implement B2C metrics,1078,74,385,66638 Hayes Roads,https://www.hood.com/,+1-612-404-3196x0971
University of generate compelling partnerships,33,90,226,55708 Mata Roads,http://hall.com/,+1-218-687-0588x91715
Estate of visualize sticky applications,85,75,129,0458 Christopher Square,https://www.ferguson-hernandez.net/,276.604.3533x4320
College of disintermediate leading-edge info-mediaries,1275,92,286,3942 Harris Summit,http://www.maxwell.biz/,001-992-245-9000x5125
College of integrate back-end partnerships,568,87,171,381 Blair Stream,https://www.hughes.org/,001-608-983-2472x6892
Home of scale user-centric e-commerce,902,55,96,5410 Kirby Cliff,https://burke.info/,(238)616-8371x5206
College of engineer back-end eyeballs,961,73,57,627 Michael Valley Suite 725,http://www.huang.com/,+1-198-821-7098x398
Estate of empower ubiquitous supply-chains,349,71,250,0034 Ramirez Shore Apt. 897,http://www.snow-york.com/,001-661-188-8996x973
College of re-intermediate virtual functionalities,489,100,179,6291 Sarah Plaza Suite 191,http://www.wilson.org/,(031)884-8547
Home of enhance impactful e-business,352,60,237,668 Donovan Summit,http://www.taylor-meyers.info/,849.070.8005x994
Higher school of synthesize synergistic partnerships,444,64,8,71782 Williams Turnpike,https://jones.com/,+1-787-151-7280x363
Higher school of cultivate distributed vortals,87,83,313,9417 Ashley Burg,http://www.meza.com/,001-352-382-5952x59337
College of productize frictionless e-markets,1059,75,211,78869 Katherine Mills Apt. 126,http://www.dudley-smith.biz/,842-620-9465x2598
Estate of strategize virtual eyeballs,1185,92,159,331 Katie Ridge,http://www.moyer.com/,195-260-1393
Estate of repurpose cutting-edge e-business,907,57,257,14784 Shaun Landing,https://www.graves.com/,+1-873-888-4493x141
College of syndicate world-class platforms,1228,98,192,52481 Spencer Canyon Suite 765,http://www.stuart.biz/,001-217-534-9933
Institute of streamline rich solutions,548,92,84,8036 David Way,https://www.turner.biz/,(247)535-0295x99590
University of envisioneer visionary interfaces,230,71,281,3247 Turner Glens Suite 190,http://www.porter-house.info/,+1-114-390-4705x812
Estate of cultivate compelling info-mediaries,1044,83,185,35544 Barber Forest Apt. 430,http://butler.com/,(164)462-9227
Higher school of incentivize 24/7 synergies,1081,93,114,91320 Katrina Cape Suite 412,http://vazquez-jones.com/,+1-800-673-1801x48500
Institute of expedite viral experiences,1169,75,183,60701 Mario Station,https://www.costa-walters.info/,+1-624-632-9934
Home of enhance impactful experiences,364,90,260,44070 Jones Stravenue Suite 805,http://mccullough-miller.com/,+1-290-898-2829
Higher school of orchestrate ubiquitous systems,1096,86,417,970 Levy Tunnel Apt. 389,https://brown.com/,001-618-310-3914
College of unleash distributed supply-chains,1329,66,74,4205 Alexander Key,http://www.martinez-swanson.com/,220.040.5505x626
Institute of leverage sticky interfaces,990,97,134,31157 John Shoals,http://james-jackson.net/,0328249028
Home of transform impactful applications,1167,75,1,1484 Gary Well,https://rose-friedman.net/,010-072-2248x6693
Higher school of synergize scalable portals,259,59,36,78331 Rodriguez Lights Apt. 378,https://norton.net/,6810776235
Higher school of deploy efficient vortals,1168,86,227,578 Pollard Summit Apt. 787,http://www.wilson.com/,(280)466-9601x021
Institute of unleash efficient bandwidth,714,91,438,890 Frederick Circles,http://www.kaiser.com/,380.768.6196x669
Institute of empower integrated portals,857,61,39,323 Christina Island,http://velez.com/,817.116.2951
Home of enhance visionary methodologies,185,66,70,1829 Austin Cliffs,http://cooper.com/,5521619301
Home of monetize proactive info-mediaries,996,64,135,94324 Curry Vista Suite 166,https://www.west.com/,+1-716-088-8491x07211
Institute of matrix 24/365 solutions,1333,73,99,69754 Thomas Run,http://www.taylor.info/,1286908771
College of monetize transparent initiatives,417,74,470,685 Moore Courts Apt. 265,https://www.dawson-michael.biz/,576-489-1672
Institute of transform leading-edge supply-chains,335,76,266,6611 Travis Centers Suite 973,http://scott-nolan.com/,843.506.6364x480
University of productize seamless infrastructures,880,71,261,596 Julie Road,http://powers-miranda.com/,(991)380-7648x5956
Institute of strategize out-of-the-box info-mediaries,911,76,194,3060 Peter Courts,https://garza-davidson.com/,(873)271-0145x8229
Estate of harness out-of-the-box niches,875,56,265,12092 Payne Cliff Apt. 165,http://bradshaw-cook.com/,(944)031-2675x5383
College of synergize rich platforms,1228,88,492,0376 Barbara Estates Suite 826,http://woods.com/,(375)029-9710
College of utilize world-class niches,279,97,206,382 Bowman Cliffs Apt. 904,http://herrera-gamble.org/,724.606.8649
University of e-enable bleeding-edge methodologies,747,78,53,54230 Ryan Knolls,https://franklin.com/,4598054020
Estate of disintermediate strategic platforms,54,60,405,029 Darius Flats Apt. 894,https://www.hudson.com/,040.145.1647x27107
University of engineer global markets,84,92,52,93459 Hudson Spring Apt. 606,https://www.walker-adams.biz/,271-990-4653
College of redefine enterprise info-mediaries,1095,67,296,6307 Graves Park,http://www.deleon-bernard.biz/,001-376-263-3433
Home of reinvent viral applications,1129,91,19,950 Silva Junction Suite 758,http://www.young.org/,290.475.1933x56249
College of matrix sticky systems,198,61,126,22273 Janice Stravenue Apt. 870,https://www.diaz-dodson.org/,+1-308-768-7276
University of grow innovative platforms,899,72,408,7788 Williams Via,http://pitts.com/,+1-221-113-0113x35878
Home of whiteboard innovative models,1244,99,75,23331 Harper Key,https://www.brock.com/,+1-517-447-2987x41326
Estate of aggregate extensible schemas,213,60,386,11469 Erin Spur Apt. 124,https://www.blevins.info/,001-479-798-6630
Higher school of grow mission-critical action-items,767,78,454,85369 Gabrielle Fork,https://www.martinez.info/,001-065-268-9214x13624
Higher school of unleash synergistic communities,102,73,383,09386 Peggy Harbors,http://www.thomas.org/,+1-638-274-2837x4411
Higher school of productize proactive e-services,955,64,118,376 Cook Ramp Apt. 026,http://gross-spence.net/,577.387.3208x05994
Institute of incubate real-time networks,883,94,402,1242 Patrick Shoals,http://davis-vargas.biz/,001-892-789-5229x793
Institute of seize bricks-and-clicks schemas,1260,94,115,985 Daniels Road,https://www.mann-velez.com/,467-246-4500
Estate of expedite killer niches,1433,96,151,64297 Gray Ports,https://jacobs-brown.com/,(745)271-8279x62502
College of e-enable B2B portals,1234,62,45,7272 Taylor Port,https://cooke.com/,951-281-7063
Higher school of monetize out-of-the-box deliverables,418,98,240,4432 Harris Lodge,http://york.biz/,319.728.3081
College of engineer proactive applications,789,99,131,48554 Eric Coves,http://www.malone.com/,+1-772-086-7381
University of architect interactive web-readiness,471,79,342,53507 Javier Forest,https://www.williams.com/,001-911-942-7241x8962
Institute of scale dynamic deliverables,1125,55,233,65679 Dawn Crossroad,https://clark-williams.org/,132.499.8951
College of scale out-of-the-box supply-chains,594,62,147,9228 Thompson Roads Apt. 108,https://www.collier.net/,9230805148
Estate of orchestrate one-to-one bandwidth,372,63,482,299 Roberts Station,http://chen-mcintosh.com/,957-912-0102x898
Home of utilize cutting-edge eyeballs,523,88,154,328 Michael Squares Apt. 103,http://www.torres.org/,+1-321-697-5878x0105
Estate of revolutionize real-time schemas,550,88,104,270 Carney Place Apt. 518,https://www.schaefer-grant.biz/,+1-794-212-7067
Higher school of leverage next-generation initiatives,426,86,367,51036 William Drive Suite 437,http://barber-knight.com/,201-180-8870
Estate of innovate impactful schemas,61,88,93,4878 Marie Mills,https://nguyen.org/,001-099-157-8629x27247
College of e-enable extensible architectures,344,83,172,0930 Amanda Streets,http://thomas-price.com/,001-271-887-6536x387
Estate of repurpose ubiquitous bandwidth,673,94,412,1853 Wilson Plaza Suite 918,http://young-owen.biz/,686-354-3208
College of exploit customized e-business,1032,94,128,447 Buck Hollow,https://www.stewart-jackson.net/,781-730-5668x919
Institute of redefine plug-and-play web services,575,79,83,7978 Long Shoal Apt. 193,https://harrison.com/,473.976.2409x4597
College of envisioneer cross-platform portals,1232,76,398,529 Antonio Ramp Suite 224,http://www.jones.net/,095-477-2778x7077
University of architect frictionless eyeballs,237,94,458,18714 Kenneth Common,https://www.palmer.org/,(691)667-5468x10678
University of grow efficient channels,1408,79,87,182 Garcia Mill Apt. 736,https://rivers-johnson.net/,372.249.3864x27799
College of embrace revolutionary content,1017,62,472,20671 David Valley Suite 864,http://palmer-brooks.net/,001-113-889-5967x85626
Higher school of engage value-added vortals,287,72,293,3951 Michael Junctions Suite 191,https://hogan.com/,001-144-950-6086
Higher school of drive bricks-and-clicks convergence,126,98,106,810 Matthew Square Suite 429,https://chen.org/,001-117-644-4585
Institute of utilize impactful schemas,68,87,215,892 Luke Valleys Apt. 656,https://mendez.org/,735-151-9751
College of brand granular networks,1310,92,338,098 Kristen Freeway,http://stewart.com/,126.053.3187
College of brand intuitive paradigms,374,57,382,462 Whitney Villages Suite 198,http://www.garcia.com/,(780)344-6400x88661
College of engage killer platforms,1275,97,111,24372 Madden Locks,http://johnson.org/,(185)982-4973
Higher school of innovate robust solutions,1012,55,156,36106 Livingston Course Suite 935,https://www.ward-powell.com/,(172)401-7500x27586
Higher school of reinvent turn-key e-tailers,597,79,166,49797 Henry Street,https://palmer.com/,372-697-6468x6008
University of architect revolutionary architectures,473,56,40,646 Barbara Ridge,http://www.taylor.com/,949-839-0603x762
University of repurpose B2C action-items,76,75,224,075 Samantha Court Suite 095,https://brock-robinson.com/,625.256.4378x16230
University of syndicate B2C technologies,888,87,496,1706 Amy Flat,https://www.simon-green.com/,+1-423-713-1142x1469
Institute of embrace world-class interfaces,1308,60,460,585 Walsh River,https://walker.com/,402-564-1702
University of e-enable sticky communities,650,91,486,391 Thomas Way Suite 630,https://li.com/,098.553.2485x557
Higher school of empower distributed applications,717,75,191,288 Emily Greens,http://miller.net/,001-207-697-7244
Higher school of innovate sticky e-business,26,69,47,738 Norman Mountains,http://eaton.com/,+1-970-310-8660
University of utilize front-end technologies,1039,67,222,98229 Gould Junction,http://www.coleman-malone.org/,+1-464-087-8421x98967
Estate of visualize viral technologies,1002,94,231,42726 George Greens Suite 219,https://www.jimenez-parsons.com/,001-245-539-3084x859
Home of integrate impactful applications,629,81,168,88819 Davis Circle,http://www.reeves-garcia.com/,+1-125-525-4167x195
Home of engage open-source paradigms,260,77,54,8904 Frank Inlet,https://www.robinson.com/,001-767-629-0725x4316
Estate of deliver strategic content,878,96,264,2531 Williams Mountains Apt. 976,http://lee-butler.com/,846.533.5075x872
College of harness impactful infrastructures,1268,100,283,2391 Aaron Cliff Suite 662,http://www.ford-forbes.com/,+1-120-498-4215x597
Institute of synergize dynamic e-tailers,324,94,33,531 April Island Apt. 629,https://brown.org/,(434)686-1284x6023
College of e-enable robust partnerships,1188,64,474,538 Bonilla Locks Apt. 028,http://www.nelson-parker.com/,625.309.7919x4041
College of repurpose real-time schemas,1045,97,68,77696 Mario Glens,http://www.brown.com/,001-694-243-3670x6029
Estate of streamline intuitive e-commerce,464,79,146,26734 Wilson Lights,https://williams.com/,637-678-6221x984
College of cultivate rich mindshare,727,78,17,300 Adam Rapids Apt. 983,https://day.info/,809.683.0921
Estate of harness customized users,245,62,475,23087 Hall Lodge Apt. 406,https://www.harding.com/,2951187257
Higher school of empower enterprise paradigms,839,77,188,446 Austin Forest,http://burton-roberts.com/,001-297-949-2547
University of reinvent next-generation applications,1318,90,404,80425 Garcia Pines Apt. 644,https://www.miller.com/,+1-822-679-4411x09964
Higher school of grow open-source models,103,98,207,76610 Miller Manor Suite 028,http://stein.com/,(048)733-7278
College of engineer one-to-one supply-chains,1214,74,484,132 Harris Views Suite 923,https://ellison.com/,(631)989-3258x0452
University of synthesize magnetic markets,1235,97,247,829 Rice Junction Suite 551,http://parrish-soto.com/,(589)627-6514
Institute of syndicate dot-com initiatives,492,65,235,9995 Cody Lake,http://www.brooks-jensen.com/,(322)928-0750x32601
Home of monetize rich metrics,376,93,89,31087 James Trafficway Suite 177,https://www.collier-bowen.biz/,+1-944-751-3320x63289
University of architect proactive interfaces,1099,80,59,33888 Martin Ville Suite 105,https://thomas.com/,0995692675
Higher school of benchmark web-enabled networks,1176,98,30,000 Crystal Path Apt. 543,https://www.johnson-phillips.com/,(265)466-5687x418
Home of deploy magnetic e-commerce,1461,66,298,015 Buckley Parkway Suite 861,http://www.marks.com/,001-959-030-6787
College of syndicate web-enabled architectures,339,92,413,10074 Scott Prairie,http://www.george.org/,806-845-6308
Institute of extend impactful info-mediaries,1405,76,317,6680 Bernard Parkways Apt. 739,http://massey.org/,(245)857-8269
University of evolve turn-key architectures,69,60,371,6848 Thomas Meadows,http://copeland-brooks.biz/,+1-482-772-6237x982
University of engineer granular solutions,888,87,322,66362 Perry Harbors Apt. 746,http://morris.biz/,(296)547-4870x58578
Home of re-contextualize visionary networks,1226,95,278,734 Gonzalez Street Suite 147,https://jenkins.net/,+1-486-759-6576x5290
Estate of reinvent scalable infrastructures,693,81,122,5807 Osborn Drive Suite 270,http://www.brown.info/,190-113-4043x411
Home of scale wireless e-tailers,914,57,272,8038 Erik Flat,https://www.johnston.com/,(175)709-9429x702
Home of iterate value-added models,628,79,13,128 Collins Oval,https://kent-lin.com/,+1-309-465-9380
College of cultivate customized e-markets,886,63,46,419 Linda Throughway,https://browning-nelson.biz/,462.083.8267
Estate of visualize cross-platform functionalities,124,86,432,16076 Michael Rest Apt. 077,http://henderson.com/,452-538-0080x60910
Home of orchestrate dot-com e-business,1236,100,92,72624 Cynthia Path Suite 476,http://www.harris-white.com/,(567)656-8495x02437
Institute of deliver proactive partnerships,226,59,294,2231 Wright Haven Suite 554,http://collins.org/,(218)935-2373x7313
Higher school of streamline e-business methodologies,341,98,16,219 Blake Stream Apt. 736,http://www.vasquez.com/,(589)957-2981x6701
University of re-intermediate proactive channels,752,78,287,867 Roberts Underpass,http://www.hughes.com/,(407)969-6085
Home of transition cutting-edge info-mediaries,278,80,48,34850 Lori Dale,http://rodriguez.biz/,(534)195-3318
Estate of embrace wireless networks,1343,100,241,948 Allen Ports,https://www.cox-rivera.com/,(448)191-2422x211
Estate of orchestrate robust paradigms,1008,85,276,2758 Frey Plain Apt. 664,https://www.mahoney.com/,761-352-3654
Institute of generate synergistic schemas,608,63,71,465 Bryan Forges Suite 403,https://www.davis.biz/,(874)927-0642
College of redefine next-generation info-mediaries,235,57,391,438 James Wall Apt. 540,http://www.campbell.com/,538-820-7123x1984
Institute of generate e-business portals,196,93,271,4345 Jessica Crest Suite 293,http://www.ryan-mcdonald.com/,291-424-4528x209
College of aggregate revolutionary e-commerce,523,64,364,5434 Christopher Well Suite 384,http://taylor-smith.org/,027-609-5128x475
Institute of re-intermediate dynamic e-markets,614,100,489,479 Sydney Shore,https://www.crawford.net/,959.753.4963x285
College of monetize front-end ROI,182,71,354,4083 Justin Stream Suite 542,https://www.ray.com/,4846423536
Home of strategize B2B e-business,1309,68,12,863 Whitney Vista Suite 564,http://garcia.biz/,(270)875-2280x089
College of incubate viral mindshare,58,71,446,57624 Vincent Grove,http://www.hale-burke.com/,+1-223-048-1157x80181
Institute of harness strategic vortals,775,81,32,514 Hamilton Plain Suite 145,http://www.burton.net/,268.068.8375x946
College of syndicate next-generation markets,475,60,279,41314 Wagner Groves,https://stephens.com/,709-122-8500
Home of re-contextualize world-class interfaces,1271,63,406,652 Diana Mall Apt. 284,http://www.smith-anderson.info/,399.143.2808x703
University of deliver enterprise web-readiness,1068,70,462,047 Ball Meadow,http://www.gomez.biz/,001-994-242-1044
Institute of aggregate one-to-one communities,1395,97,243,34479 Arnold Courts Suite 454,http://www.trevino.info/,(960)409-2822x139
Higher school of strategize customized bandwidth,313,69,355,44381 Teresa Wall,https://tate.biz/,(179)941-8295x725
Estate of envisioneer interactive initiatives,633,73,312,1907 Chang Avenue Suite 908,https://www.jacobs-miller.com/,+1-396-787-9599x20124
Higher school of engage innovative action-items,1487,70,297,91851 Estrada Burg Suite 597,https://www.montgomery.org/,307.095.2299
Institute of exploit clicks-and-mortar markets,415,73,76,980 Philip Mills Apt. 360,https://jones-shelton.com/,001-426-912-9009x40971
Estate of monetize seamless partnerships,760,87,190,03707 Jordan Drive Apt. 265,http://www.hodges-palmer.com/,+1-992-488-3438
Higher school of re-contextualize customized methodologies,566,86,339,5814 Wood Mountains,https://www.gross.biz/,+1-817-984-8010
University of evolve innovative channels,1184,95,437,53265 Leah Wells,http://www.robinson.com/,480.864.6513x107
College of incentivize vertical communities,973,61,120,236 Morrison Unions,https://martin.com/,721.037.1777x0055
College of productize one-to-one metrics,570,80,51,998 Pruitt Trail Suite 795,https://graham.com/,(181)926-1882x22189
Estate of e-enable impactful communities,962,78,488,271 Chris Dam Suite 307,https://hughes.net/,141-888-5485x6152
Home of transform extensible solutions,139,72,331,8049 Wilson Prairie,http://ibarra-mclean.com/,603.528.8980
University of repurpose impactful deliverables,1251,91,82,673 Shannon Freeway,http://www.morgan-dodson.com/,001-303-498-0568x6026
College of expedite extensible synergies,1292,78,7,2997 Brandon Island,https://www.alexander-patterson.com/,+1-206-196-9306x2770
Institute of benchmark enterprise partnerships,1364,66,79,32300 Antonio Freeway,https://www.sandoval.biz/,001-735-943-7744x4207
University of envisioneer user-centric networks,698,63,69,65749 Wise Branch Suite 153,http://bailey-george.com/,001-064-503-0635x4907
University of envisioneer web-enabled e-markets,284,57,453,656 David Roads,http://walton.org/,353-099-2678
University of incentivize sticky e-services,610,85,4,20028 Robin Summit,https://rivers.net/,(241)677-5259
Higher school of synthesize extensible eyeballs,392,74,95,108 Kelly Light,http://smith.biz/,+1-269-625-9988x68316
Higher school of harness open-source schemas,586,58,249,704 Noah Hills,http://www.wolfe-williams.com/,663.932.7273
Institute of implement end-to-end technologies,905,59,395,723 Benton Streets Apt. 343,https://www.jensen-frye.net/,289-660-7652x2664
Home of optimize frictionless portals,68,90,101,37636 Jerry Plaza,http://www.butler.info/,001-023-565-3146x5943
Institute of benchmark 24/7 functionalities,732,75,14,418 Ashley Falls,http://larson.info/,947-007-3271
University of engage e-business portals,1295,72,133,739 Payne Hills Suite 568,http://www.fleming-hanson.org/,+1-611-183-1162x0677
Institute of synergize cross-media markets,1198,87,130,602 Alison Course Apt. 720,https://perez.info/,735.005.3046x8513
University of facilitate granular models,1000,72,480,66799 Wilson Vista Suite 935,https://hayes.com/,(440)286-7215
University of productize B2C networks,1163,96,275,75650 Melissa Locks,http://hernandez.com/,202-647-7777x15699
Home of matrix leading-edge platforms,114,88,291,1627 Jessica Burg,http://sanchez-castaneda.net/,958-349-5548x1641
Estate of expedite open-source systems,490,74,234,82018 Romero Mills,https://www.smith-griffin.net/,001-955-642-8742x0745
Estate of mesh back-end info-mediaries,1008,93,401,70684 Miller Cove Suite 530,https://www.munoz.net/,+1-589-454-0918x1654
University of transform robust ROI,1379,55,369,00565 Hill Route,http://www.richmond.biz/,149-001-0233x5678
Estate of drive value-added markets,850,60,248,626 Riley Islands,https://bartlett.org/,170-814-8022x36812
University of envisioneer plug-and-play deliverables,993,73,400,607 Amy Cliff,https://lewis.info/,0461439268
Home of strategize integrated info-mediaries,1343,77,403,3127 Rivera Brook,https://www.rhodes.com/,434.520.4405x6947
College of engage bleeding-edge web services,832,87,9,659 Grant River Suite 564,https://www.mitchell.biz/,253.391.7531x32063
Estate of iterate seamless channels,1171,56,422,34052 Vasquez Turnpike,https://www.morris.biz/,0211930536
University of revolutionize plug-and-play e-services,1312,66,144,799 Jeremy Lights Suite 712,http://www.gonzalez.org/,001-228-470-1136x644
Home of embrace transparent functionalities,1440,66,389,015 Patton Locks,https://www.hart-jenkins.info/,(427)672-2318
University of target viral paradigms,281,60,258,079 Ann Plaza Suite 664,https://www.lee.com/,+1-209-720-1070
Home of optimize B2C functionalities,374,100,440,9755 Howell Curve,https://www.johnson.com/,296.848.6318x94316
Estate of incentivize killer metrics,1282,96,143,84930 Holloway Stream,https://gardner.com/,(533)803-5164x2908
College of aggregate collaborative relationships,1119,80,407,325 Smith Summit Apt. 123,https://www.perez-banks.com/,611-837-9639x895
College of architect open-source technologies,1276,55,78,1851 Todd Drive,http://hall.net/,+1-675-829-4280x142
Higher school of matrix strategic e-markets,166,71,409,873 Emily Spring,https://garcia.com/,+1-855-073-9382x893
University of iterate viral e-tailers,605,92,221,842 Frazier Center Suite 723,https://jones-gonzalez.com/,(965)696-5010x4068
College of innovate value-added niches,1458,80,123,7472 Oconnor Cliffs,http://clay-alvarez.org/,943-556-2232x46699
College of deliver enterprise e-services,1315,78,239,835 Lucas Hill Apt. 459,http://moreno.com/,(327)386-2439
Home of integrate intuitive networks,292,67,336,36107 Johnson Rapid,https://www.johnson.com/,833-025-9404
Home of enhance dynamic communities,532,63,309,159 Dawson Ways Apt. 633,http://lopez-harper.org/,+1-482-250-1059x1620
Estate of streamline enterprise paradigms,767,71,259,93911 Wright Throughway Suite 642,http://brown.org/,+1-108-375-8348x77106
College of incubate B2B eyeballs,375,72,399,0205 Katie Cape,http://sanchez.com/,(464)827-7243x869
College of orchestrate frictionless action-items,1327,86,230,974 Jennifer Oval,http://allen.com/,001-296-209-6752x8210
Home of engineer distributed content,387,68,263,7239 Baker Manor,https://jenkins.com/,140-435-4571
College of extend strategic channels,412,99,358,8570 Mcfarland Pines,http://www.martin.net/,257-236-3887x5280
College of incubate dot-com interfaces,869,59,218,01096 Kristine Plaza,http://mccarthy-collins.com/,(745)137-3889x01910
College of redefine bricks-and-clicks models,158,61,98,448 Rachel Course Suite 891,https://patterson-guzman.com/,366.914.9480x330
Home of re-contextualize dot-com niches,208,66,411,4668 Susan Neck,http://johnson.com/,007.654.8533
University of transform holistic infrastructures,587,55,461,7949 Brown Extensions,https://jackson.com/,558-539-7783x460
Higher school of optimize world-class communities,1041,69,410,044 Wyatt Burgs Suite 446,http://patton.com/,515.989.2557x017
College of synergize dynamic paradigms,903,87,254,54073 Ronald Crossing,http://www.brooks-richardson.com/,111.444.4468
University of grow compelling mindshare,622,61,447,42867 Villa Ridges Apt. 436,https://james.com/,685-264-3891x77627
College of incentivize impactful initiatives,492,59,43,25253 Jason Station Suite 021,https://harper.com/,101.153.9372
Home of syndicate ubiquitous networks,762,82,314,39118 Christopher Heights Suite 957,https://www.vega.com/,001-938-659-0333x999
University of engage customized markets,521,64,56,364 Smith Highway Apt. 371,https://www.adams.com/,2988420275
University of syndicate wireless interfaces,1044,80,473,1540 Lance Key Suite 483,http://www.wilson.org/,+1-224-990-6302x76084
Institute of morph value-added networks,845,71,366,830 Jones Flats Suite 771,http://www.frank-patterson.com/,(341)138-6204x810
Higher school of envisioneer end-to-end relationships,618,72,60,8472 Michael Mills,http://guerra.com/,+1-878-368-9035x912
Institute of morph mission-critical markets,736,69,29,15939 Donna Garden,http://johnson-collins.com/,218.004.4578x477
Institute of cultivate dot-com partnerships,1198,66,163,40862 Laura Extension Suite 156,http://farley.com/,425-344-9127x444
Higher school of exploit cross-media supply-chains,1329,68,2,4060 Martin View Apt. 810,http://baker.com/,6305697276
Home of productize ubiquitous eyeballs,508,91,444,2256 Tammy Trafficway Apt. 686,https://www.reynolds.info/,206-899-2253
College of optimize holistic e-markets,530,69,310,322 Rebekah Street Suite 861,https://moss-craig.com/,1129646994
University of incubate synergistic deliverables,1083,93,3,785 Diane Loaf,http://www.smith.com/,001-309-118-5310x8508
Estate of transition scalable networks,1117,76,452,63670 Daniel Summit,http://www.english.com/,219-128-4147
Institute of expedite transparent partnerships,158,94,376,6497 Jill Plaza,http://brown.com/,151-172-9597
Home of benchmark enterprise niches,1299,63,328,616 Coleman Roads,https://holt.com/,(610)309-3533x3908
Institute of matrix global convergence,59,81,62,5293 Lisa Crossroad,https://www.gonzalez.info/,675-438-4856x900
College of visualize user-centric interfaces,750,95,267,9361 Carney Drive,https://www.avila-smith.com/,001-172-595-6093x686
Home of transition revolutionary action-items,1257,80,420,620 Robertson Mill Suite 539,http://www.harrison-bullock.com/,1635677356
Higher school of implement turn-key systems,1031,76,483,82707 Cruz Corner,http://www.russell-richardson.com/,7380898104
Estate of whiteboard cutting-edge web-readiness,153,70,49,7311 Daniel Overpass Suite 526,http://www.kelly-jones.com/,0870374318
Home of transition clicks-and-mortar infrastructures,245,96,246,82468 David Crescent Apt. 137,http://www.barnes.com/,001-703-307-6219
Estate of repurpose global web-readiness,1257,94,468,82651 Reed Ridge Apt. 974,https://www.hansen.info/,311-674-0563x270
Institute of benchmark revolutionary content,181,88,500,827 Harry Dam,https://www.lopez.info/,(608)341-5469x985
Higher school of maximize revolutionary ROI,184,99,429,0847 Alexander Cliffs Apt. 784,https://www.bray.com/,740.153.4809x589
College of utilize world-class e-services,864,79,72,24423 Kenneth Ports,http://fowler-osborn.com/,7204827210
Estate of utilize scalable eyeballs,1130,99,365,3476 Priscilla Glens,https://moore-nguyen.com/,(691)078-4201x4689
College of evolve customized platforms,1439,93,306,9375 Reed Locks,http://www.roman-dawson.com/,(059)349-3116x1272
University of seize vertical eyeballs,272,82,397,356 Johnson Point Suite 428,https://www.wallace-huff.org/,764.799.9041x39982
Estate of transform collaborative portals,667,82,390,776 Christopher Crossing Suite 194,https://www.hernandez-hughes.net/,(655)319-5414
College of integrate enterprise functionalities,32,81,219,09244 Robert Passage,https://www.hayes.org/,236.786.0573x75277
University of disintermediate sticky experiences,357,84,316,44990 Danielle Stream,https://www.henson.com/,001-495-205-5294
Home of synthesize efficient systems,356,59,125,1170 Rebecca Crossing Suite 782,https://www.horn.info/,515.021.3590x61552
University of harness visionary methodologies,924,100,450,348 Hicks Plaza Apt. 931,https://brown.com/,674-571-8358
Estate of deliver proactive ROI,393,80,138,213 Cameron Plaza,http://nichols.com/,(911)227-2869x265
Home of re-intermediate ubiquitous architectures,1493,91,73,296 Dana Islands Suite 765,https://warren.com/,464-940-1850x27077
Home of implement extensible e-business,751,93,197,1580 Walker Union,https://www.schwartz.com/,533.442.1966x103
Higher school of productize intuitive relationships,1220,81,244,8140 Stewart Club,https://hatfield.com/,786-884-1906x88478
Estate of e-enable virtual users,103,87,374,781 Lisa Turnpike,http://johns.com/,+1-304-288-7948x93537
Estate of strategize seamless synergies,250,87,323,60096 Michael Coves Apt. 761,http://www.stewart-ellis.org/,6625309469
Higher school of reinvent plug-and-play info-mediaries,1230,67,356,92202 Knox Manors Suite 829,http://www.ford-martinez.info/,(568)799-0853
Home of e-enable strategic communities,1014,83,181,489 Miguel Gateway Apt. 552,https://www.barnes-haas.org/,293-922-5510x1749
Estate of engineer open-source e-tailers,1079,55,471,550 Cruz Stream,http://www.brown-marshall.com/,492.071.1822x536
University of disintermediate visionary infrastructures,201,88,396,51148 Erin Garden Apt. 015,http://www.olson.com/,(182)504-8681x537
Estate of mesh extensible niches,164,63,225,119 Atkinson Crossroad,http://pace-miller.org/,(432)210-9965x44022
Home of expedite bleeding-edge channels,532,81,262,1043 Foster Islands,https://www.nunez-lara.com/,+1-559-230-4699x60745
Institute of evolve virtual relationships,977,81,236,538 Jasmine Rue,http://www.bryant.com/,630.987.3295x91425
Home of scale turn-key info-mediaries,1267,97,363,71448 April Forge Suite 295,http://green.net/,075-232-8266x9345
College of drive virtual partnerships,291,93,18,50937 Williams Ranch,https://thomas.net/,+1-858-937-5395x93245
Estate of visualize cross-media web services,504,68,141,0114 Green Rapids Suite 138,http://rivera-ramirez.info/,+1-224-570-0510x41690
College of whiteboard proactive e-business,1346,58,493,94869 Weaver Expressway Apt. 577,http://www.nichols.com/,058.910.1228
Estate of empower strategic interfaces,743,65,232,9220 Michelle Forest Suite 715,https://marshall.com/,545-251-6224x827
Home of re-contextualize frictionless deliverables,471,81,485,351 Sherman Square,http://www.rhodes-watson.com/,001-020-305-1609x5954
Institute of engineer synergistic markets,375,71,469,78647 Young Dam Apt. 191,http://www.mckenzie.org/,233-579-7870x55235
College of drive intuitive partnerships,1042,76,330,27841 Webb Mount,http://www.bell-lopez.com/,(775)875-9488x038
Estate of reinvent global action-items,593,63,380,777 James Passage Suite 849,https://harper.info/,754.754.6591x101
University of engage revolutionary supply-chains,1352,57,182,85617 Chapman Turnpike,https://www.jefferson-chapman.biz/,+1-679-117-8926x3557
Institute of productize transparent action-items,819,90,476,683 Paula Ridges Suite 812,https://duke-williams.com/,001-806-383-2965
Home of strategize synergistic synergies,530,77,393,22286 Karen Prairie,https://york.com/,809.694.9248
University of enhance magnetic applications,295,71,220,653 Caroline Rapids,http://www.ford.com/,001-821-794-0739
Home of re-contextualize scalable platforms,1404,84,11,91344 Jerry Glen,https://www.nolan.info/,001-890-208-8142x006
Home of morph compelling portals,129,55,21,93691 Shirley Fields Apt. 142,https://www.smith.biz/,045.172.1397x1566
Higher school of cultivate holistic e-markets,735,62,162,54592 Nelson Shoal Suite 108,https://www.montgomery.org/,296.084.9262
Home of utilize innovative users,449,86,292,6942 Anthony Estates Suite 796,http://www.wiley.biz/,909-741-5859x01192
College of orchestrate wireless web services,198,59,351,0159 Elizabeth Station,http://www.hall-cruz.com/,001-267-335-6861x2009
Higher school of strategize open-source paradigms,286,86,177,79064 Sampson Stravenue,http://www.sharp-cooper.com/,176.668.8081
Institute of re-intermediate innovative e-markets,137,64,41,6458 Garza Shore,https://anderson-higgins.info/,308.119.2526x2584
University of extend leading-edge supply-chains,594,69,343,152 Stark Overpass,http://yates.info/,(976)287-1029x872
University of e-enable open-source e-commerce,1481,73,102,183 Jennifer Trafficway Suite 492,https://www.arias.com/,783.048.7773
Institute of aggregate rich technologies,1253,61,304,93085 Pollard Garden Apt. 029,http://www.mclaughlin.com/,190.044.0967
College of iterate robust info-mediaries,1386,55,86,413 Brown Park Suite 998,https://www.hudson-miller.com/,+1-938-813-3837x6128
Higher school of synthesize killer vortals,337,93,387,098 Brandon Haven Apt. 703,http://www.ramos.org/,(026)421-9702x70887
University of benchmark B2C info-mediaries,484,78,415,542 Steven Plains Apt. 300,https://www.martin.com/,416.259.6115x227
Home of grow B2B users,380,76,90,93369 Melanie Drives,http://atkins-phillips.info/,902.097.1229x4604
Institute of maximize granular models,366,55,27,24245 Steven Trail,http://www.chavez.net/,309.014.4719x861
College of redefine cross-platform paradigms,1488,85,202,421 Wagner Island Apt. 316,http://rivas.com/,409.687.2319x9887
Home of whiteboard holistic portals,110,70,63,201 Christina Corner,https://gutierrez-kennedy.com/,754.238.4717
Estate of scale scalable supply-chains,484,86,44,37535 Timothy Dam Suite 530,http://mckay-dyer.com/,737-920-8049x3378
College of empower customized e-business,1238,57,203,0798 Adam Union,https://www.navarro-woodard.com/,384-147-9468x69952
Estate of enable real-time e-commerce,995,63,424,83271 Ryan Canyon Suite 333,http://fisher-greene.net/,+1-599-819-8129x736
College of engage proactive action-items,1192,66,117,678 Miranda Mountains Suite 188,https://www.spencer-silva.com/,+1-647-268-2949x7809
College of extend seamless models,49,91,284,3757 Weiss Roads,https://www.hale.com/,+1-043-841-5337x65506
Institute of re-intermediate dot-com metrics,215,94,217,80094 Rios Mountain Apt. 031,https://norton.com/,805.647.3256
University of incentivize seamless eyeballs,311,79,28,1604 Rodgers Corner,https://kim.info/,306.735.3227x659
University of drive innovative relationships,101,89,137,7098 Charles Stream Apt. 418,https://www.anderson.com/,407.802.8958x8170
University of visualize web-enabled architectures,844,55,148,235 Jamie Mount Apt. 443,https://hill.com/,4520577439
Institute of repurpose end-to-end methodologies,1185,98,140,7822 Allen Valleys Apt. 938,https://www.turner.net/,+1-481-567-3875x69441
University of enable B2B e-commerce,553,89,425,1240 Simmons Radial Suite 605,https://miller.org/,(348)338-4139
University of reinvent impactful platforms,799,83,255,9299 Carol Club,http://www.shaw.com/,468-290-6021x820
Home of strategize turn-key paradigms,777,62,332,452 Angela Plaza Apt. 928,https://www.ward-gould.org/,001-370-344-8452x9616
Home of deploy innovative web-readiness,1307,57,451,21606 Davis Track,http://green.com/,+1-868-514-3826x1282
College of maximize user-centric technologies,1095,63,37,57072 Angela Walk,http://www.herman.info/,+1-154-853-9049
Estate of re-intermediate 24/7 web-readiness,182,60,282,110 Jennifer Ramp Suite 271,http://sanders.com/,078-330-6937x05782
Home of re-contextualize cross-media architectures,898,74,55,18601 Rachel Parks,http://oconnor-davis.com/,+1-521-023-4351
College of facilitate revolutionary applications,728,92,173,7653 Lopez Ports Suite 456,http://wu-hall.com/,001-894-479-2634x996
University of unleash value-added e-business,1163,99,35,68885 Nolan Circle Apt. 657,http://www.smith-lopez.info/,+1-178-660-6267x2915
Institute of optimize 24/365 applications,1172,77,6,1226 Larry Isle,http://www.jones.com/,039-779-1027x4353
Estate of revolutionize dynamic niches,1233,94,457,774 Munoz Cliff,https://www.ritter.net/,001-052-289-2881x953
Estate of benchmark sticky systems,209,88,169,96458 Cynthia Knoll,https://lee.biz/,8978625357
Institute of drive clicks-and-mortar mindshare,587,77,353,987 Owens Streets Apt. 737,https://nunez.info/,102-114-1711x412
Estate of disintermediate cutting-edge markets,237,76,175,14771 Lee Inlet Apt. 479,http://www.lutz.com/,(488)399-3064x08665
Higher school of strategize integrated models,541,63,325,5285 Russell Valley Apt. 671,https://morris.net/,083-736-4860
University of drive enterprise users,228,58,200,0942 Clayton Spur Apt. 344,https://baker.biz/,+1-879-263-3172
Estate of e-enable holistic channels,1487,76,288,23526 Gray Freeway,https://miller.com/,227-915-3144x6562
Institute of grow one-to-one platforms,1028,85,50,7180 Susan Ports Apt. 228,http://www.washington.net/,376-670-0045x92024
Estate of strategize magnetic e-services,1419,71,176,91006 Larry Wells,http://lutz.info/,705-240-2301
Home of orchestrate plug-and-play e-commerce,1080,96,242,207 Christina Center Apt. 366,https://www.garcia.com/,+1-399-419-5027x5582
College of aggregate plug-and-play technologies,1434,97,394,7137 Cole Greens Apt. 326,http://www.shannon.com/,+1-683-133-9123x760
University of deploy best-of-breed e-services,1220,63,435,8957 Clements Creek,https://briggs.com/,(609)671-3837x7285
University of strategize holistic methodologies,1336,72,349,46107 Gonzales Flat,https://bowman.net/,001-247-052-6114x4337
Estate of utilize synergistic convergence,548,65,193,0429 Richard Summit Suite 326,http://www.aguilar.biz/,001-486-111-9967x2204
Home of visualize enterprise web-readiness,398,64,426,8373 Ronnie Center Apt. 854,http://www.li.com/,+1-957-274-8390x179
Estate of target strategic e-commerce,641,85,467,04804 Jessica Crossroad,http://lee.com/,531.404.0284x438
Home of revolutionize intuitive markets,259,75,107,0484 Mark Mount Suite 461,https://diaz.com/,628-263-7364x7322
Institute of synthesize robust models,1449,90,459,432 Ramsey Skyway,http://www.morales.biz/,001-958-179-6399x003
Higher school of monetize proactive architectures,619,92,216,43251 William Overpass Suite 012,https://doyle.com/,2083110854
College of deploy one-to-one portals,1427,79,132,291 Nicholas Mountain Suite 040,http://www.scott.com/,6472274364
Estate of envisioneer one-to-one niches,883,79,77,00372 Zachary Forks Suite 523,https://valdez.info/,078.002.0367x9815
Home of redefine innovative methodologies,1371,88,110,87665 Jo Ports,https://arnold-carey.net/,652.688.7589
College of streamline seamless metrics,1153,78,229,49876 Kristen Mountains Apt. 642,https://www.cameron-murray.com/,001-327-439-6738
Estate of redefine wireless e-markets,472,72,384,035 Golden Motorway,https://www.walker.com/,+1-435-819-2990x04445
Home of disintermediate virtual e-business,249,98,361,462 Arroyo Route,http://dalton.biz/,001-191-621-7483x57742
Higher school of evolve turn-key models,675,85,113,22061 Katie Roads,http://www.gamble-phillips.com/,385-545-0072
Estate of maximize virtual architectures,290,65,329,427 Hebert Lights,http://www.macias-ware.org/,694.559.4736
University of re-contextualize visionary models,1309,66,153,724 Hernandez Green Apt. 252,http://www.gould.com/,+1-996-274-2528x751
Home of repurpose collaborative infrastructures,539,99,379,4263 Ryan Vista Suite 372,https://www.nash.com/,+1-695-135-0622x2262
Institute of aggregate dynamic metrics,1012,57,478,712 Payne Square,http://hurst.net/,8592744559
Estate of engage web-enabled action-items,1224,70,184,064 Davidson Mall Apt. 127,http://caldwell.biz/,232.146.8528x8222
University of re-intermediate turn-key mindshare,85,65,449,282 Miguel Prairie,http://www.mueller.com/,(012)039-7010
Institute of synthesize real-time networks,794,69,431,4317 Eric Via,https://www.bennett.net/,6096747656
Estate of orchestrate integrated synergies,507,93,20,19355 Margaret Circles,http://www.moore.biz/,6163431893
Higher school of optimize innovative web services,985,55,142,8737 Walters Hollow Suite 989,http://www.smith.com/,+1-284-732-2090x83966
Higher school of synergize B2C deliverables,341,67,357,407 Kimberly Cliffs Suite 488,http://www.booker.com/,491.102.6277x284
Home of expedite back-end web services,873,61,198,060 Bender Valleys,http://www.carroll.com/,001-353-827-4846x35813
University of embrace bricks-and-clicks vortals,245,71,23,9499 Hall Branch,http://jones-taylor.org/,001-574-851-7393x01474
College of orchestrate real-time e-business,695,75,109,838 Charles Stravenue Suite 651,https://www.lamb.com/,236.841.1726
College of facilitate holistic info-mediaries,43,55,377,01710 Murray Islands Apt. 334,http://www.johnson.com/,(380)674-4310
Home of optimize web-enabled paradigms,681,90,299,407 Angela Groves Suite 349,http://www.rodriguez.info/,+1-846-562-0950x0824
Higher school of strategize end-to-end relationships,1329,95,223,44597 Autumn Well,https://obrien.com/,121-497-5366
University of mesh compelling models,30,62,199,30315 Pineda Pine Apt. 646,http://www.roberts.com/,349.804.9193
Institute of orchestrate impactful e-markets,943,87,433,9266 Rivera Stream,https://nguyen.com/,(291)149-7547
University of repurpose impactful platforms,1447,89,442,723 Chaney Rue,http://hart.com/,323-476-2352x043
Institute of brand turn-key interfaces,1268,87,319,85604 Paula Rue Apt. 713,http://www.davis-williams.com/,561.349.7399x514
Higher school of incentivize plug-and-play infrastructures,1466,57,204,82008 Dillon Fall,https://www.brooks.org/,505-215-5554x9006
Home of whiteboard magnetic interfaces,299,86,428,8502 Haley Run,https://www.grant.com/,582-811-8658x317
Home of optimize best-of-breed solutions,1271,75,210,70594 Madden Inlet,https://www.vasquez-garcia.org/,(791)093-6788
Estate of disintermediate plug-and-play supply-chains,29,79,214,45538 Johnson Tunnel,http://www.robertson.org/,251.698.9896x6175
Home of iterate extensible initiatives,89,95,443,87501 Medina Loaf Suite 610,https://andrews.com/,949-358-2765
Estate of maximize magnetic interfaces,901,69,359,388 Carroll Radial Apt. 654,https://johns.info/,(883)832-7946x483
University of deploy seamless infrastructures,740,100,189,718 Michael Creek,http://collins.com/,(911)973-2236
Institute of transform collaborative channels,1018,77,94,2653 Galloway Knolls,http://www.flowers-sanchez.com/,982.035.3426x25410
Estate of synthesize killer channels,535,58,345,556 Small Plains Apt. 452,http://welch-fleming.net/,867.963.1283x91374
College of streamline customized interfaces,1180,95,26,447 Reed Inlet,http://www.vega-johnson.biz/,(786)709-5110x96796
College of aggregate holistic info-mediaries,881,94,136,95876 Pollard Haven Suite 600,http://wolf.info/,+1-177-944-8577x157
Institute of transition granular infrastructures,282,67,445,8554 Kramer Fields Suite 478,https://www.williamson-richmond.com/,067-725-1873x21819
Home of orchestrate synergistic e-services,771,69,212,154 Daniel Turnpike,http://www.williams-carpenter.info/,535-205-1785x943
Institute of engineer integrated systems,368,77,479,6038 Fred Fall,http://davis.com/,7735861821
Home of strategize bleeding-edge mindshare,1122,88,85,98748 Jonathan Inlet,http://griffin-price.com/,608.247.5383
Institute of brand distributed niches,1409,92,25,72825 Toni Rapid,https://www.stafford-banks.com/,216.852.1624
University of incentivize synergistic architectures,1300,86,88,995 Griffith Green Suite 729,http://www.mills.com/,001-364-678-1153x112
Institute of synthesize customized convergence,274,59,441,915 Nathan Plains,https://johnson.net/,+1-290-681-1930x2642
Home of harness turn-key e-markets,761,71,34,90295 Aaron Estate Suite 624,http://www.martin.com/,946-214-9179x223
University of re-contextualize ubiquitous users,1447,97,300,5543 Richards Ports,https://watson.info/,362.629.4034x0091
College of re-contextualize user-centric solutions,1075,64,465,07477 Bishop Plain Suite 299,http://ruiz-meyer.com/,821.032.5353x87588
University of orchestrate dot-com niches,773,86,213,6389 Stephanie Pass Apt. 169,https://www.collier.com/,001-567-0528
University of incubate web-enabled web services,877,92,335,9800 Moore Track,https://evans-adams.com/,3608393804
College of maximize best-of-breed e-commerce,291,58,65,3125 Parker Port,https://hurst-turner.com/,(069)739-7326
Estate of innovate value-added e-markets,762,82,340,447 Mcintosh Inlet Suite 886,http://www.garcia.biz/,254-152-6019
