876270,87,plan lose in oop
217443,21,fact campaign in history
362760,36,trial painting in grappling
392590,39,free yourself in anime
974840,97,subject table in physics
381644,38,hold physical in geometry
209745,20,final bill in blietzkriek
397299,39,watch example in anime
497171,49,oil impact in russian language
726706,72,society still in computer graphics
828687,82,give accept in grazhdanskay oborona
607279,60,consider occur in taco making
499769,49,notice little in russian language
123095,12,manage special in biology
503512,50,form buy in sambo
368340,36,professional past in grappling
603529,60,name upon in taco making
722247,72,military eye in computer graphics
826194,82,discussion big in grazhdanskay oborona
427628,42,along move in tatar belt fighting
821855,82,again only in grazhdanskay oborona
786586,78,show brother in chemistry
369306,36,according group in grappling
502942,50,start least in sambo
822537,82,cover bad in grazhdanskay oborona
821899,82,true practice in grazhdanskay oborona
821557,82,wish medical in grazhdanskay oborona
607059,60,like son in taco making
723210,72,degree until in computer graphics
505494,50,off other in sambo
202595,20,build whose in blietzkriek
429163,42,data view in tatar belt fighting
212782,21,maybe live in history
783402,78,blood law in chemistry
206882,20,film conference in blietzkriek
122457,12,the choose in biology
728600,72,yes sport in computer graphics
729068,72,western better in computer graphics
976809,97,music guy in physics
506399,50,fly less in sambo
208655,20,clear value in blietzkriek
427641,42,a matter in tatar belt fighting
888120,88,could near in sociology
821028,82,customer federal in grazhdanskay oborona
388300,38,total property in geometry
424644,42,hour forward in tatar belt fighting
191942,19,spring network in gamedev
492490,49,long us in russian language
123154,12,include do in biology
193100,19,economic product in gamedev
124174,12,main around in biology
823932,82,modern Republican in grazhdanskay oborona
218333,21,concern across in history
215785,21,color because in history
216249,21,yet coach in history
397936,39,moment statement in anime
885099,88,soldier though in sociology
427385,42,old then in tatar belt fighting
882203,88,join political in sociology
322985,32,as office in algebra
725478,72,major effect in computer graphics
882093,88,reflect final in sociology
191690,19,between seem in gamedev
979647,97,foot environmental in physics
784742,78,weight outside in chemistry
505562,50,question rise in sambo
325440,32,piece full in algebra
364899,36,age professor in grappling
959730,95,card there in music
951749,95,accept run in music
471131,47,bed drug in geography
475182,47,education to in geography
383759,38,than commercial in geometry
602282,60,close environment in taco making
129828,12,partner year in biology
958747,95,beat character in music
506525,50,newspaper thank in sambo
202209,20,less community in blietzkriek
391763,39,also area in anime
323051,32,skill agent in algebra
393900,39,tough see in anime
883807,88,realize mother in sociology
821858,82,spring beat in grazhdanskay oborona
211091,21,five effect in history
394387,39,beyond century in anime
387467,38,forward time in geometry
263233,26,senior put in astronomy
506950,50,relationship police in sambo
602669,60,sit might in taco making
508422,50,no suggest in sambo
202401,20,beautiful skill in blietzkriek
398323,39,relationship manager in anime
508096,50,job city in sambo
789250,78,dog together in chemistry
212670,21,support floor in history
194040,19,surface wrong in gamedev
268571,26,success foot in astronomy
195844,19,left hotel in gamedev
884608,88,kind upon in sociology
395371,39,indeed opportunity in anime
602383,60,difficult focus in taco making
201342,20,take total in blietzkriek
505879,50,rather inside in sambo
607200,60,his difficult in taco making
473050,47,friend guess in geography
212860,21,around sport in history
217976,21,none there in history
192118,19,every quality in gamedev
323973,32,benefit consumer in algebra
492343,49,language success in russian language
973474,97,forget pick in physics
212144,21,but unit in history
365335,36,question why in grappling
953323,95,kitchen growth in music
608785,60,want reduce in taco making
875714,87,star low in oop
324570,32,indicate job in algebra
393827,39,week option in anime
205646,20,recent support in blietzkriek
322941,32,seven rather in algebra
399627,39,husband quickly in anime
821917,82,beat director in grazhdanskay oborona
829333,82,look office in grazhdanskay oborona
367329,36,work full in grappling
957912,95,serious father in music
971179,97,discover table in physics
883609,88,system once in sociology
208908,20,suggest condition in blietzkriek
326041,32,book expect in algebra
206104,20,behind boy in blietzkriek
972680,97,piece threat in physics
428676,42,police stage in tatar belt fighting
494948,49,free part in russian language
209585,20,like clear in blietzkriek
972593,97,along fish in physics
325907,32,accept increase in algebra
874264,87,create before in oop
326281,32,rock I in algebra
884047,88,local exactly in sociology
973419,97,science teacher in physics
727537,72,evidence when in computer graphics
121451,12,natural forward in biology
324932,32,their positive in algebra
129237,12,long perform in biology
603795,60,defense fast in taco making
471387,47,than foot in geography
128411,12,own strong in biology
324469,32,ahead recently in algebra
955303,95,build positive in music
366175,36,matter simple in grappling
496648,49,take read in russian language
127097,12,hour learn in biology
873153,87,yard Republican in oop
473222,47,that whose in geography
398707,39,wrong bag in anime
497115,49,choose machine in russian language
881118,88,himself course in sociology
265266,26,worker ball in astronomy
396208,39,lot choose in anime
321358,32,as part in algebra
265358,26,daughter quite in astronomy
199808,19,politics current in gamedev
323302,32,play quickly in algebra
364989,36,summer explain in grappling
209373,20,true fire in blietzkriek
955031,95,yet ask in music
205347,20,air majority in blietzkriek
392790,39,special recent in anime
977726,97,vote guess in physics
785697,78,poor most in chemistry
885079,88,fish whom in sociology
199660,19,why responsibility in gamedev
953947,95,discuss rise in music
507525,50,computer prove in sambo
382529,38,condition late in geometry
728439,72,loss weight in computer graphics
262020,26,response evening in astronomy
872539,87,last or in oop
262107,26,thank close in astronomy
973648,97,these billion in physics
194093,19,first water in gamedev
322478,32,serve memory in algebra
503745,50,maybe everybody in sambo
362896,36,year market in grappling
212855,21,student down in history
501008,50,factor create in sambo
721064,72,win argue in computer graphics
604300,60,go task in taco making
212261,21,individual join in history
384518,38,key great in geometry
196467,19,about almost in gamedev
884359,88,whose indeed in sociology
396900,39,ten everyone in anime
883761,88,full side in sociology
972485,97,lead environmental in physics
726068,72,five government in computer graphics
321043,32,activity but in algebra
212462,21,eat with in history
217409,21,close best in history
824048,82,site ground in grazhdanskay oborona
494276,49,few best in russian language
191750,19,else party in gamedev
203464,20,determine movie in blietzkriek
395938,39,lead wide in anime
392120,39,security race in anime
389415,38,three its in geometry
497759,49,him person in russian language
878388,87,challenge quality in oop
955668,95,matter whom in music
871800,87,because information in oop
262565,26,career stage in astronomy
217213,21,recent account in history
211812,21,affect act in history
781552,78,after city in chemistry
269557,26,Congress lot in astronomy
953886,95,store question in music
322919,32,Congress commercial in algebra
821029,82,arrive majority in grazhdanskay oborona
971128,97,security program in physics
872551,87,drive class in oop
421756,42,teach either in tatar belt fighting
956544,95,left good in music
209973,20,specific floor in blietzkriek
217826,21,sense occur in history
322673,32,believe option in algebra
724583,72,sound environment in computer graphics
384671,38,our president in geometry
268988,26,religious business in astronomy
122589,12,available couple in biology
425957,42,player natural in tatar belt fighting
396480,39,him when in anime
392639,39,ahead when in anime
216501,21,truth main in history
823174,82,describe far in grazhdanskay oborona
472373,47,cost my in geography
495490,49,threat employee in russian language
972915,97,not home in physics
871969,87,manager step in oop
327658,32,daughter picture in algebra
384002,38,doctor create in geometry
973798,97,contain minute in physics
205634,20,those machine in blietzkriek
266271,26,fact wrong in astronomy
883506,88,student new in sociology
425959,42,two soldier in tatar belt fighting
502274,50,home friend in sambo
269964,26,realize attention in astronomy
788225,78,carry interest in chemistry
476878,47,concern doctor in geography
327872,32,more enter in algebra
976069,97,modern it in physics
955899,95,food significant in music
368624,36,computer enough in grappling
216578,21,on dark in history
366474,36,weight amount in grappling
782588,78,face work in chemistry
499279,49,brother themselves in russian language
972415,97,even result in physics
872181,87,manager base in oop
194873,19,relate dark in gamedev
207640,20,from peace in blietzkriek
509939,50,campaign color in sambo
471895,47,animal international in geography
885387,88,other full in sociology
326672,32,require if in algebra
396478,39,rate behavior in anime
213992,21,point to in history
218524,21,reflect experience in history
192962,19,good include in gamedev
871712,87,discover employee in oop
723259,72,company debate in computer graphics
956458,95,economic street in music
508004,50,agent sort in sambo
324555,32,cover success in algebra
392654,39,product street in anime
421569,42,low have in tatar belt fighting
122571,12,approach travel in biology
502475,50,military truth in sambo
366877,36,say left in grappling
388337,38,who attention in geometry
474456,47,fire try in geography
822604,82,practice these in grazhdanskay oborona
507520,50,family reduce in sambo
384610,38,sing town in geometry
269668,26,real together in astronomy
202546,20,item fight in blietzkriek
506691,50,base prevent in sambo
424252,42,region campaign in tatar belt fighting
721431,72,program test in computer graphics
206167,20,course three in blietzkriek
508823,50,green bring in sambo
216225,21,without blue in history
826667,82,trial machine in grazhdanskay oborona
505071,50,center girl in sambo
824559,82,already say in grazhdanskay oborona
127855,12,fact follow in biology
729885,72,source financial in computer graphics
388579,38,experience seem in geometry
494576,49,box mention in russian language
213007,21,pretty alone in history
207482,20,glass raise in blietzkriek
388926,38,development above in geometry
723683,72,outside avoid in computer graphics
393621,39,run son in anime
497909,49,fly whom in russian language
784340,78,federal growth in chemistry
126248,12,meet again in biology
198106,19,statement article in gamedev
367410,36,same listen in grappling
827758,82,hand effort in grazhdanskay oborona
428150,42,important at in tatar belt fighting
725669,72,within some in computer graphics
609498,60,analysis professor in taco making
976009,97,time thought in physics
721388,72,natural mean in computer graphics
193094,19,movie apply in gamedev
882213,88,range total in sociology
821820,82,expect process in grazhdanskay oborona
727090,72,hope treat in computer graphics
216400,21,since idea in history
827166,82,two event in grazhdanskay oborona
956177,95,mean law in music
956905,95,eye example in music
207292,20,society week in blietzkriek
605881,60,another however in taco making
829782,82,final expert in grazhdanskay oborona
365892,36,to win in grappling
876988,87,out practice in oop
887019,88,something until in sociology
362068,36,up shake in grappling
875210,87,seek general in oop
889280,88,system since in sociology
384490,38,model future in geometry
192299,19,imagine himself in gamedev
494659,49,officer feeling in russian language
972495,97,page on in physics
497265,49,team small in russian language
197070,19,check record in gamedev
781580,78,me western in chemistry
955392,95,own letter in music
125689,12,standard evidence in biology
196772,19,fight adult in gamedev
421791,42,per head in tatar belt fighting
829074,82,safe first in grazhdanskay oborona
605126,60,may party in taco making
197678,19,open blood in gamedev
609913,60,painting cup in taco making
781152,78,nearly course in chemistry
329072,32,even everything in algebra
878494,87,ago rather in oop
391873,39,billion full in anime
194043,19,baby between in gamedev
882856,88,tree poor in sociology
826215,82,white past in grazhdanskay oborona
873776,87,door employee in oop
385994,38,here arm in geometry
398865,39,teach fish in anime
507558,50,know to in sambo
474411,47,candidate answer in geography
976234,97,rate whatever in physics
367916,36,research group in grappling
725948,72,move area in computer graphics
821978,82,item reveal in grazhdanskay oborona
508733,50,western society in sambo
786282,78,and material in chemistry
507317,50,Congress director in sambo
428204,42,service west in tatar belt fighting
723086,72,again should in computer graphics
219037,21,card public in history
395295,39,south which in anime
365915,36,do ever in grappling
826629,82,continue measure in grazhdanskay oborona
495299,49,star institution in russian language
874105,87,entire population in oop
829097,82,whole several in grazhdanskay oborona
979562,97,bad benefit in physics
474535,47,top they in geography
266019,26,whole including in astronomy
325579,32,indicate own in algebra
197128,19,next national in gamedev
977670,97,north field in physics
976437,97,necessary remember in physics
721725,72,as today in computer graphics
203901,20,doctor performance in blietzkriek
395202,39,city ready in anime
479089,47,true me in geography
362791,36,meeting your in grappling
475044,47,well campaign in geography
824607,82,occur especially in grazhdanskay oborona
367270,36,activity fly in grappling
382382,38,necessary former in geometry
887838,88,ready soldier in sociology
424293,42,newspaper city in tatar belt fighting
368853,36,usually friend in grappling
785721,78,east I in chemistry
128359,12,still yeah in biology
726910,72,final provide in computer graphics
951676,95,able first in music
425756,42,century kitchen in tatar belt fighting
207394,20,recently building in blietzkriek
426196,42,professional stand in tatar belt fighting
477383,47,strong factor in geography
951041,95,happen account in music
212060,21,hit personal in history
326415,32,into middle in algebra
959675,95,lot see in music
122285,12,discussion activity in biology
429538,42,upon worry in tatar belt fighting
604391,60,indeed job in taco making
326184,32,red plant in algebra
478952,47,financial either in geography
784265,78,expect interview in chemistry
122400,12,ten debate in biology
785995,78,provide join in chemistry
385065,38,voice exist in geometry
264747,26,pay nature in astronomy
887294,88,manager result in sociology
126660,12,draw then in biology
391918,39,fly instead in anime
322117,32,instead myself in algebra
505581,50,knowledge hand in sambo
601256,60,magazine single in taco making
269684,26,hundred trade in astronomy
128976,12,though performance in biology
369093,36,short garden in grappling
728118,72,these either in computer graphics
211593,21,open direction in history
126684,12,floor personal in biology
361861,36,network whose in grappling
495315,49,message site in russian language
784306,78,item this in chemistry
824701,82,however up in grazhdanskay oborona
721574,72,can despite in computer graphics
399340,39,daughter today in anime
216607,21,report green in history
471515,47,law company in geography
326451,32,position million in algebra
875716,87,animal Democrat in oop
502541,50,oil set in sambo
361135,36,enter especially in grappling
362424,36,language nothing in grappling
427926,42,meeting take in tatar belt fighting
727272,72,it for in computer graphics
263068,26,left sell in astronomy
385053,38,official whose in geometry
218556,21,environment anyone in history
975963,97,suffer mention in physics
127335,12,well type in biology
824554,82,practice short in grazhdanskay oborona
977377,97,position Mrs in physics
426653,42,plant never in tatar belt fighting
972138,97,check itself in physics
726352,72,ok far in computer graphics
327186,32,point manage in algebra
328585,32,which may in algebra
472617,47,explain person in geography
976780,97,quite order in physics
976963,97,individual financial in physics
786664,78,cultural discussion in chemistry
473685,47,lose old in geography
974867,97,want along in physics
218910,21,yet long in history
729319,72,daughter try in computer graphics
725921,72,hot new in computer graphics
872795,87,seem evening in oop
398963,39,president others in anime
495561,49,just interesting in russian language
495341,49,sport when in russian language
202367,20,standard society in blietzkriek
783596,78,experience there in chemistry
368100,36,power least in grappling
874566,87,dog me in oop
128942,12,near like in biology
505683,50,enough morning in sambo
973253,97,term structure in physics
491563,49,chance car in russian language
396138,39,seat provide in anime
363359,36,contain blue in grappling
129145,12,camera message in biology
823575,82,song may in grazhdanskay oborona
324266,32,own hot in algebra
127492,12,such able in biology
976409,97,middle as in physics
509695,50,now information in sambo
874135,87,within much in oop
213907,21,teacher then in history
198813,19,population music in gamedev
782775,78,involve number in chemistry
492993,49,radio part in russian language
196030,19,yes year in gamedev
602366,60,peace window in taco making
879631,87,common young in oop
729929,72,answer audience in computer graphics
787026,78,hand election in chemistry
782480,78,north develop in chemistry
826495,82,role no in grazhdanskay oborona
889901,88,mind peace in sociology
788510,78,book direction in chemistry
363766,36,across response in grappling
322888,32,your left in algebra
789835,78,yet sit in chemistry
421148,42,available wrong in tatar belt fighting
265091,26,enough peace in astronomy
788015,78,or conference in chemistry
214997,21,once or in history
499006,49,reality receive in russian language
267007,26,people hear in astronomy
954168,95,another difficult in music
479118,47,compare resource in geography
878088,87,operation different in oop
328519,32,relate Mr in algebra
724213,72,relationship order in computer graphics
477131,47,modern half in geography
364537,36,statement hundred in grappling
426535,42,market level in tatar belt fighting
387207,38,meeting who in geometry
821146,82,candidate look in grazhdanskay oborona
502672,50,coach green in sambo
368304,36,audience growth in grappling
496952,49,really these in russian language
955104,95,successful involve in music
606965,60,necessary radio in taco making
125426,12,power place in biology
202463,20,good knowledge in blietzkriek
604319,60,decade media in taco making
366197,36,account serious in grappling
502701,50,cultural one in sambo
821130,82,tax seek in grazhdanskay oborona
605352,60,stage back in taco making
217076,21,be his in history
269618,26,five everyone in astronomy
214897,21,administration best in history
121821,12,to detail in biology
369757,36,want discover in grappling
878103,87,certainly enter in oop
828315,82,build machine in grazhdanskay oborona
886523,88,market again in sociology
494324,49,of between in russian language
977850,97,together responsibility in physics
217275,21,itself seem in history
883740,88,improve be in sociology
889729,88,itself first in sociology
392056,39,soldier wrong in anime
822078,82,among level in grazhdanskay oborona
508006,50,and prove in sambo
973375,97,have tough in physics
366895,36,boy often in grappling
207667,20,suffer local in blietzkriek
474083,47,power who in geography
477352,47,every measure in geography
366144,36,my major in grappling
602287,60,treatment coach in taco making
785123,78,theory environmental in chemistry
787494,78,pay class in chemistry
784943,78,dinner agreement in chemistry
878708,87,environmental military in oop
956036,95,coach suffer in music
478609,47,phone cover in geography
422583,42,leave military in tatar belt fighting
193428,19,often adult in gamedev
261632,26,maintain prove in astronomy
425904,42,evening local in tatar belt fighting
506700,50,model conference in sambo
827103,82,now rest in grazhdanskay oborona
198983,19,night write in gamedev
607420,60,information collection in taco making
329834,32,one degree in algebra
396759,39,against or in anime
421554,42,believe you in tatar belt fighting
976565,97,myself support in physics
889416,88,action know in sociology
194082,19,strategy throw in gamedev
423042,42,officer day in tatar belt fighting
208122,20,energy development in blietzkriek
784275,78,natural Congress in chemistry
216875,21,end rich in history
265857,26,recently cause in astronomy
478594,47,live term in geography
823819,82,determine peace in grazhdanskay oborona
193885,19,natural live in gamedev
423567,42,pattern for in tatar belt fighting
783294,78,trade chance in chemistry
202489,20,cold usually in blietzkriek
389844,38,people quality in geometry
786450,78,prevent imagine in chemistry
476087,47,add make in geography
601343,60,make ok in taco making
213521,21,food note in history
957211,95,free heart in music
973895,97,most me in physics
194175,19,relationship throughout in gamedev
385983,38,energy go in geometry
606462,60,third catch in taco making
886444,88,specific recent in sociology
388269,38,reveal education in geometry
727584,72,season order in computer graphics
208685,20,response onto in blietzkriek
262819,26,son good in astronomy
399874,39,last how in anime
953720,95,big area in music
208498,20,still state in blietzkriek
498332,49,black sort in russian language
473295,47,break agent in geography
211949,21,class way in history
956649,95,beautiful budget in music
822898,82,pass reality in grazhdanskay oborona
494103,49,effect study in russian language
382770,38,on foot in geometry
361534,36,large parent in grappling
788800,78,soon strategy in chemistry
972109,97,thus always in physics
475585,47,view past in geography
209760,20,over behind in blietzkriek
959832,95,difference sort in music
825862,82,seem body in grazhdanskay oborona
977969,97,company improve in physics
976466,97,bed drop in physics
784713,78,question newspaper in chemistry
828267,82,middle receive in grazhdanskay oborona
387714,38,term most in geometry
979826,97,federal sing in physics
825508,82,bit better in grazhdanskay oborona
881847,88,peace move in sociology
609199,60,reflect general in taco making
369546,36,picture serve in grappling
975436,97,once to in physics
491450,49,table cultural in russian language
721964,72,agreement clearly in computer graphics
386469,38,will answer in geometry
721439,72,group without in computer graphics
782353,78,region direction in chemistry
327652,32,world Congress in algebra
362971,36,country traditional in grappling
215215,21,throughout significant in history
268555,26,matter include in astronomy
364674,36,class just in grappling
479515,47,own south in geography
498084,49,hour much in russian language
207700,20,produce term in blietzkriek
369486,36,drive region in grappling
608756,60,less thousand in taco making
269113,26,loss before in astronomy
326398,32,race move in algebra
607555,60,expert himself in taco making
396381,39,his career in anime
473293,47,field subject in geography
426351,42,character health in tatar belt fighting
327226,32,animal since in algebra
393957,39,word kitchen in anime
122051,12,remain least in biology
502506,50,protect however in sambo
321780,32,like must in algebra
499134,49,race dinner in russian language
264527,26,social center in astronomy
479912,47,of hold in geography
491380,49,rule yourself in russian language
506137,50,step word in sambo
198350,19,bring story in gamedev
784337,78,key company in chemistry
206994,20,something life in blietzkriek
201701,20,be few in blietzkriek
473897,47,religious president in geography
206258,20,position see in blietzkriek
877675,87,floor her in oop
722803,72,teach yeah in computer graphics
787713,78,spend oil in chemistry
783109,78,particular owner in chemistry
265351,26,if report in astronomy
427761,42,challenge blue in tatar belt fighting
876909,87,laugh month in oop
491981,49,threat usually in russian language
393755,39,population walk in anime
266285,26,conference world in astronomy
879397,87,plant staff in oop
126096,12,a catch in biology
957929,95,war doctor in music
958021,95,class simply in music
423030,42,check after in tatar belt fighting
429075,42,bill its in tatar belt fighting
976657,97,job position in physics
196954,19,move role in gamedev
789082,78,between state in chemistry
388755,38,owner study in geometry
878898,87,economy wear in oop
428114,42,effect hospital in tatar belt fighting
211752,21,some old in history
725036,72,live effort in computer graphics
121883,12,lawyer TV in biology
191022,19,others million in gamedev
361529,36,red stock in grappling
974502,97,opportunity effort in physics
425654,42,trouble though in tatar belt fighting
883918,88,soon within in sociology
369544,36,part management in grappling
326095,32,high financial in algebra
426026,42,good despite in tatar belt fighting
264393,26,black themselves in astronomy
427706,42,control save in tatar belt fighting
268371,26,always three in astronomy
475113,47,clearly war in geography
496560,49,whatever official in russian language
194695,19,student catch in gamedev
789146,78,commercial present in chemistry
884764,88,race safe in sociology
824357,82,forget big in grazhdanskay oborona
362166,36,our occur in grappling
955467,95,program pass in music
204069,20,particularly consider in blietzkriek
366022,36,commercial value in grappling
267380,26,toward significant in astronomy
321141,32,break exactly in algebra
194651,19,ago provide in gamedev
728995,72,increase old in computer graphics
785919,78,cold four in chemistry
494016,49,course notice in russian language
428218,42,budget behind in tatar belt fighting
871806,87,throughout fish in oop
952245,95,help move in music
788765,78,race international in chemistry
262091,26,piece family in astronomy
207796,20,any he in blietzkriek
383870,38,that suggest in geometry
421536,42,operation knowledge in tatar belt fighting
889420,88,dinner week in sociology
399798,39,public son in anime
886133,88,program describe in sociology
398357,39,while number in anime
365220,36,born free in grappling
725200,72,really team in computer graphics
979788,97,give son in physics
491799,49,which management in russian language
955837,95,kitchen and in music
383805,38,send keep in geometry
782183,78,seem almost in chemistry
382781,38,article short in geometry
727905,72,medical also in computer graphics
609862,60,present others in taco making
205373,20,war money in blietzkriek
496674,49,raise avoid in russian language
429041,42,thought budget in tatar belt fighting
196438,19,final arrive in gamedev
503025,50,water later in sambo
194128,19,ahead rich in gamedev
952992,95,past majority in music
201331,20,relationship power in blietzkriek
722619,72,enter time in computer graphics
725049,72,these have in computer graphics
974368,97,approach girl in physics
385776,38,media return in geometry
826136,82,market serve in grazhdanskay oborona
955479,95,over ready in music
368158,36,boy area in grappling
367216,36,better visit in grappling
789244,78,myself support in chemistry
881024,88,board serious in sociology
498334,49,where challenge in russian language
955214,95,part side in music
472369,47,that wall in geography
608562,60,energy allow in taco making
723078,72,shake power in computer graphics
126321,12,still school in biology
824364,82,activity affect in grazhdanskay oborona
325291,32,season whatever in algebra
387091,38,data section in geometry
498796,49,everything appear in russian language
724435,72,entire during in computer graphics
977740,97,discuss parent in physics
976440,97,dream general in physics
382563,38,well one in geometry
364898,36,customer report in grappling
126085,12,hear spring in biology
194621,19,section explain in gamedev
426856,42,executive guy in tatar belt fighting
822031,82,example during in grazhdanskay oborona
213732,21,market on in history
499336,49,four try in russian language
829566,82,leave rather in grazhdanskay oborona
268843,26,fact chair in astronomy
362360,36,people too in grappling
218997,21,Mrs reality in history
363037,36,think far in grappling
399608,39,challenge return in anime
193377,19,respond similar in gamedev
876060,87,still political in oop
494029,49,bill billion in russian language
216406,21,fire hand in history
193786,19,seven environmental in gamedev
725255,72,cut home in computer graphics
506761,50,able simple in sambo
427735,42,activity design in tatar belt fighting
502390,50,baby fish in sambo
383814,38,rich firm in geometry
493046,49,condition history in russian language
608745,60,street produce in taco making
504622,50,fish enough in sambo
123425,12,mission not in biology
494401,49,hold usually in russian language
882969,88,while or in sociology
204721,20,design letter in blietzkriek
324486,32,according although in algebra
321306,32,similar strategy in algebra
121168,12,suddenly sister in biology
265054,26,what after in astronomy
268682,26,second scientist in astronomy
202764,20,read rule in blietzkriek
201086,20,create store in blietzkriek
395858,39,boy tonight in anime
492355,49,decade enough in russian language
873950,87,popular something in oop
879190,87,support finish in oop
473668,47,usually like in geography
784950,78,win message in chemistry
369527,36,general indicate in grappling
477731,47,sit daughter in geography
879101,87,human offer in oop
201608,20,next marriage in blietzkriek
786174,78,family start in chemistry
478767,47,list year in geography
192022,19,country rich in gamedev
194927,19,public network in gamedev
959519,95,assume nature in music
193124,19,buy certainly in gamedev
824964,82,left bag in grazhdanskay oborona
194312,19,gun instead in gamedev
497295,49,others effect in russian language
781088,78,improve back in chemistry
396993,39,during culture in anime
196770,19,game network in gamedev
368068,36,appear to in grappling
363674,36,have book in grappling
394924,39,week mission in anime
607533,60,design least in taco making
386360,38,tough agreement in geometry
781577,78,traditional price in chemistry
473449,47,certainly few in geography
204600,20,do suggest in blietzkriek
211499,21,everyone management in history
203834,20,day decide in blietzkriek
953278,95,dark market in music
197381,19,tell here in gamedev
883261,88,report me in sociology
974076,97,spring amount in physics
368575,36,store far in grappling
726265,72,establish half in computer graphics
976139,97,clear best in physics
822753,82,another result in grazhdanskay oborona
264717,26,write candidate in astronomy
878178,87,list both in oop
191336,19,where remain in gamedev
824728,82,series idea in grazhdanskay oborona
382721,38,exactly world in geometry
196580,19,number catch in gamedev
493443,49,mind against in russian language
786662,78,professional rule in chemistry
191467,19,yard finally in gamedev
978002,97,possible prepare in physics
269325,26,focus believe in astronomy
382049,38,edge two in geometry
508546,50,computer development in sambo
971785,97,however keep in physics
956676,95,home quickly in music
218534,21,great remain in history
218153,21,remember whether in history
507320,50,kind store in sambo
205823,20,option among in blietzkriek
956803,95,allow see in music
472217,47,line employee in geography
213808,21,consumer tough in history
264630,26,radio wall in astronomy
477793,47,arm ability in geography
367008,36,wonder fact in grappling
391832,39,human short in anime
502640,50,where character in sambo
506872,50,all appear in sambo
427012,42,carry issue in tatar belt fighting
329261,32,laugh hard in algebra
888720,88,what theory in sociology
261960,26,use and in astronomy
601665,60,manage fire in taco making
422945,42,nature through in tatar belt fighting
369491,36,hand good in grappling
123473,12,land center in biology
871012,87,simply year in oop
473077,47,become grow in geography
383580,38,see anyone in geometry
726247,72,actually speech in computer graphics
422522,42,to early in tatar belt fighting
877113,87,these federal in oop
421504,42,popular edge in tatar belt fighting
205218,20,into blue in blietzkriek
781281,78,face hear in chemistry
384941,38,every turn in geometry
361730,36,drop feel in grappling
871740,87,behind quite in oop
502464,50,affect bring in sambo
889236,88,future especially in sociology
426537,42,everything history in tatar belt fighting
495955,49,local light in russian language
365435,36,drug safe in grappling
323826,32,maintain past in algebra
396839,39,pretty will in anime
873356,87,moment rich in oop
477631,47,why be in geography
129747,12,heart nice in biology
727904,72,poor trouble in computer graphics
363164,36,hot rock in grappling
193607,19,woman finish in gamedev
196080,19,director court in gamedev
389525,38,partner little in geometry
503762,50,around any in sambo
268921,26,describe issue in astronomy
368046,36,tough life in grappling
128885,12,real operation in biology
262149,26,today can in astronomy
218718,21,everybody so in history
389130,38,fire concern in geometry
883695,88,price her in sociology
267952,26,true arm in astronomy
603354,60,center push in taco making
492085,49,develop himself in russian language
871709,87,draw senior in oop
268968,26,say financial in astronomy
202574,20,new power in blietzkriek
505603,50,serve my in sambo
213545,21,article number in history
214703,21,admit yourself in history
479078,47,hundred finish in geography
729742,72,purpose three in computer graphics
878187,87,city course in oop
361754,36,significant feel in grappling
196378,19,able occur in gamedev
784158,78,rule feeling in chemistry
217162,21,national story in history
602895,60,do for in taco making
727081,72,wish development in computer graphics
727725,72,human doctor in computer graphics
473771,47,professor yourself in geography
971972,97,there claim in physics
504605,50,course employee in sambo
428280,42,together difference in tatar belt fighting
392666,39,cut establish in anime
124575,12,know officer in biology
394822,39,when why in anime
876091,87,western require in oop
381011,38,list add in geometry
393483,39,skill job in anime
397302,39,somebody loss in anime
972614,97,benefit head in physics
123623,12,rise space in biology
601547,60,remember machine in taco making
887978,88,policy party in sociology
871406,87,build series in oop
269347,26,human art in astronomy
875861,87,short simple in oop
604901,60,name behavior in taco making
383008,38,early film in geometry
474130,47,national eat in geography
951004,95,among everything in music
267794,26,city grow in astronomy
394059,39,kitchen boy in anime
268783,26,few give in astronomy
395797,39,weight statement in anime
828007,82,customer save in grazhdanskay oborona
785135,78,serve Mr in chemistry
126891,12,give education in biology
977776,97,must bit in physics
496383,49,chair look in russian language
503071,50,by stuff in sambo
476154,47,history whatever in geography
392484,39,list important in anime
473527,47,team discuss in geography
876224,87,process campaign in oop
608934,60,by else in taco making
385952,38,protect on in geometry
972347,97,media degree in physics
979878,97,anything design in physics
826781,82,financial to in grazhdanskay oborona
974861,97,civil capital in physics
206740,20,region sit in blietzkriek
727163,72,for effort in computer graphics
478094,47,what television in geography
789806,78,attention later in chemistry
384196,38,commercial he in geometry
326172,32,suddenly father in algebra
207629,20,win total in blietzkriek
824055,82,often animal in grazhdanskay oborona
824053,82,war home in grazhdanskay oborona
974795,97,ok simply in physics
886277,88,thousand case in sociology
382889,38,cost east in geometry
477016,47,parent choose in geography
329180,32,such message in algebra
827923,82,station camera in grazhdanskay oborona
396904,39,place structure in anime
603552,60,speech war in taco making
368241,36,man us in grappling
126297,12,against among in biology
872664,87,people question in oop
429428,42,grow adult in tatar belt fighting
724990,72,born from in computer graphics
